{"cameraMode":{"drawMode":0,"name":"Shaded","section":"Shading Mode"},"sceneLighting":true,"audioPlay":false,"sceneViewState":{"showFog":true,"showMaterialUpdate":false,"showSkybox":true,"showFlares":true,"showImageEffects":true,"showParticleSystems":true},"in2DMode":false,"pivot":{"x":-34.82231903076172,"y":35.99484634399414,"z":115.08863830566406},"rotation":{"x":-0.0024917065165936949,"y":0.9966029524803162,"z":-0.0328979566693306,"w":-0.07549095153808594},"size":5.760242462158203,"orthographic":false}