{"cameraMode":{"drawMode":0,"name":"Shaded","section":"Shading Mode"},"sceneLighting":true,"audioPlay":false,"sceneViewState":{"showFog":true,"showMaterialUpdate":false,"showSkybox":true,"showFlares":true,"showImageEffects":true,"showParticleSystems":true},"in2DMode":false,"pivot":{"x":-377.48529052734377,"y":419.889404296875,"z":139.0496063232422},"rotation":{"x":-0.06501934677362442,"y":-0.6082414984703064,"z":-0.05014679580926895,"w":0.7895520329475403},"size":1175.0496826171875,"orthographic":false}