{"cameraMode":{"drawMode":0,"name":"Shaded","section":"Shading Mode"},"sceneLighting":true,"audioPlay":false,"sceneViewState":{"showFog":true,"showMaterialUpdate":false,"showSkybox":true,"showFlares":true,"showImageEffects":true,"showParticleSystems":true},"in2DMode":false,"pivot":{"x":-30.476036071777345,"y":42.0433349609375,"z":-48.90675354003906},"rotation":{"x":0.0020153610967099668,"y":0.9919338822364807,"z":0.016074201092123987,"w":-0.12594443559646607},"size":139.1751251220703,"orthographic":false}