{"cameraMode":{"drawMode":0,"name":"Shaded","section":"Shading Mode"},"sceneLighting":true,"audioPlay":false,"sceneViewState":{"showFog":true,"showMaterialUpdate":false,"showSkybox":true,"showFlares":true,"showImageEffects":true,"showParticleSystems":true},"in2DMode":false,"pivot":{"x":-7.546833038330078,"y":23.797794342041017,"z":5.408954620361328},"rotation":{"x":0.29307207465171816,"y":-0.5444357991218567,"z":0.21072730422019959,"w":0.7571802139282227},"size":88.42960357666016,"orthographic":false}