{"cameraMode":{"drawMode":0,"name":"Shaded","section":"Shading Mode"},"sceneLighting":true,"audioPlay":false,"sceneViewState":{"showFog":true,"showMaterialUpdate":false,"showSkybox":true,"showFlares":true,"showImageEffects":true,"showParticleSystems":true},"in2DMode":false,"pivot":{"x":31.100360870361329,"y":25.566986083984376,"z":-44.61229705810547},"rotation":{"x":0.003636601148173213,"y":0.9953802824020386,"z":-0.04213167354464531,"w":0.0865250900387764},"size":139.1751251220703,"orthographic":false}